DATAFLOW,LAST UPDATE,freq,statinfo,unit,currency,TIME_PERIOD,OBS_VALUE,OBS_FLAG,CONF_STATUS
ESTAT:ERT_BIL_EUR_M(1.0),03/03/26 11:00:00,Monthly,Average,National currency,Polish zloty,2003-01,4.0704,,
ESTAT:ERT_BIL_EUR_M(1.0),03/03/26 11:00:00,Monthly,Average,National currency,Polish zloty,2003-02,4.1656,,
ESTAT:ERT_BIL_EUR_M(1.0),03/03/26 11:00:00,Monthly,Average,National currency,Polish zloty,2003-03,4.3363,,
ESTAT:ERT_BIL_EUR_M(1.0),03/03/26 11:00:00,Monthly,Average,National currency,Polish zloty,2003-04,4.2971,,
ESTAT:ERT_BIL_EUR_M(1.0),03/03/26 11:00:00,Monthly,Average,National currency,Polish zloty,2003-05,4.3343,,
ESTAT:ERT_BIL_EUR_M(1.0),03/03/26 11:00:00,Monthly,Average,National currency,Polish zloty,2003-06,4.4339,,
ESTAT:ERT_BIL_EUR_M(1.0),03/03/26 11:00:00,Monthly,Average,National currency,Polish zloty,2003-07,4.4368,,
ESTAT:ERT_BIL_EUR_M(1.0),03/03/26 11:00:00,Monthly,Average,National currency,Polish zloty,2003-08,4.3699,,
ESTAT:ERT_BIL_EUR_M(1.0),03/03/26 11:00:00,Monthly,Average,National currency,Polish zloty,2003-09,4.4635,,
ESTAT:ERT_BIL_EUR_M(1.0),03/03/26 11:00:00,Monthly,Average,National currency,Polish zloty,2003-10,4.5952,,
ESTAT:ERT_BIL_EUR_M(1.0),03/03/26 11:00:00,Monthly,Average,National currency,Polish zloty,2003-11,4.6174,,
ESTAT:ERT_BIL_EUR_M(1.0),03/03/26 11:00:00,Monthly,Average,National currency,Polish zloty,2003-12,4.6595,,
ESTAT:ERT_BIL_EUR_M(1.0),03/03/26 11:00:00,Monthly,Average,National currency,Polish zloty,2004-01,4.7128,,
ESTAT:ERT_BIL_EUR_M(1.0),03/03/26 11:00:00,Monthly,Average,National currency,Polish zloty,2004-02,4.8569,,
ESTAT:ERT_BIL_EUR_M(1.0),03/03/26 11:00:00,Monthly,Average,National currency,Polish zloty,2004-03,4.7642,,
ESTAT:ERT_BIL_EUR_M(1.0),03/03/26 11:00:00,Monthly,Average,National currency,Polish zloty,2004-04,4.7597,,
ESTAT:ERT_BIL_EUR_M(1.0),03/03/26 11:00:00,Monthly,Average,National currency,Polish zloty,2004-05,4.7209,,
ESTAT:ERT_BIL_EUR_M(1.0),03/03/26 11:00:00,Monthly,Average,National currency,Polish zloty,2004-06,4.5906,,
ESTAT:ERT_BIL_EUR_M(1.0),03/03/26 11:00:00,Monthly,Average,National currency,Polish zloty,2004-07,4.4651,,
ESTAT:ERT_BIL_EUR_M(1.0),03/03/26 11:00:00,Monthly,Average,National currency,Polish zloty,2004-08,4.4310,,
ESTAT:ERT_BIL_EUR_M(1.0),03/03/26 11:00:00,Monthly,Average,National currency,Polish zloty,2004-09,4.3748,,
ESTAT:ERT_BIL_EUR_M(1.0),03/03/26 11:00:00,Monthly,Average,National currency,Polish zloty,2004-10,4.3182,,
ESTAT:ERT_BIL_EUR_M(1.0),03/03/26 11:00:00,Monthly,Average,National currency,Polish zloty,2004-11,4.2573,,
ESTAT:ERT_BIL_EUR_M(1.0),03/03/26 11:00:00,Monthly,Average,National currency,Polish zloty,2004-12,4.1354,,
ESTAT:ERT_BIL_EUR_M(1.0),03/03/26 11:00:00,Monthly,Average,National currency,Polish zloty,2005-01,4.0794,,
ESTAT:ERT_BIL_EUR_M(1.0),03/03/26 11:00:00,Monthly,Average,National currency,Polish zloty,2005-02,3.9867,,
ESTAT:ERT_BIL_EUR_M(1.0),03/03/26 11:00:00,Monthly,Average,National currency,Polish zloty,2005-03,4.0123,,
ESTAT:ERT_BIL_EUR_M(1.0),03/03/26 11:00:00,Monthly,Average,National currency,Polish zloty,2005-04,4.1559,,
ESTAT:ERT_BIL_EUR_M(1.0),03/03/26 11:00:00,Monthly,Average,National currency,Polish zloty,2005-05,4.1749,,
ESTAT:ERT_BIL_EUR_M(1.0),03/03/26 11:00:00,Monthly,Average,National currency,Polish zloty,2005-06,4.0606,,
ESTAT:ERT_BIL_EUR_M(1.0),03/03/26 11:00:00,Monthly,Average,National currency,Polish zloty,2005-07,4.0986,,
ESTAT:ERT_BIL_EUR_M(1.0),03/03/26 11:00:00,Monthly,Average,National currency,Polish zloty,2005-08,4.0436,,
ESTAT:ERT_BIL_EUR_M(1.0),03/03/26 11:00:00,Monthly,Average,National currency,Polish zloty,2005-09,3.9160,,
ESTAT:ERT_BIL_EUR_M(1.0),03/03/26 11:00:00,Monthly,Average,National currency,Polish zloty,2005-10,3.9229,,
ESTAT:ERT_BIL_EUR_M(1.0),03/03/26 11:00:00,Monthly,Average,National currency,Polish zloty,2005-11,3.9701,,
ESTAT:ERT_BIL_EUR_M(1.0),03/03/26 11:00:00,Monthly,Average,National currency,Polish zloty,2005-12,3.8501,,
ESTAT:ERT_BIL_EUR_M(1.0),03/03/26 11:00:00,Monthly,Average,National currency,Polish zloty,2006-01,3.8201,,
ESTAT:ERT_BIL_EUR_M(1.0),03/03/26 11:00:00,Monthly,Average,National currency,Polish zloty,2006-02,3.7941,,
ESTAT:ERT_BIL_EUR_M(1.0),03/03/26 11:00:00,Monthly,Average,National currency,Polish zloty,2006-03,3.8837,,
ESTAT:ERT_BIL_EUR_M(1.0),03/03/26 11:00:00,Monthly,Average,National currency,Polish zloty,2006-04,3.9177,,
ESTAT:ERT_BIL_EUR_M(1.0),03/03/26 11:00:00,Monthly,Average,National currency,Polish zloty,2006-05,3.8954,,
ESTAT:ERT_BIL_EUR_M(1.0),03/03/26 11:00:00,Monthly,Average,National currency,Polish zloty,2006-06,4.0261,,
ESTAT:ERT_BIL_EUR_M(1.0),03/03/26 11:00:00,Monthly,Average,National currency,Polish zloty,2006-07,3.9962,,
ESTAT:ERT_BIL_EUR_M(1.0),03/03/26 11:00:00,Monthly,Average,National currency,Polish zloty,2006-08,3.9046,,
ESTAT:ERT_BIL_EUR_M(1.0),03/03/26 11:00:00,Monthly,Average,National currency,Polish zloty,2006-09,3.9649,,
ESTAT:ERT_BIL_EUR_M(1.0),03/03/26 11:00:00,Monthly,Average,National currency,Polish zloty,2006-10,3.9014,,
ESTAT:ERT_BIL_EUR_M(1.0),03/03/26 11:00:00,Monthly,Average,National currency,Polish zloty,2006-11,3.8248,,
ESTAT:ERT_BIL_EUR_M(1.0),03/03/26 11:00:00,Monthly,Average,National currency,Polish zloty,2006-12,3.8125,,
ESTAT:ERT_BIL_EUR_M(1.0),03/03/26 11:00:00,Monthly,Average,National currency,Polish zloty,2007-01,3.8795,,
ESTAT:ERT_BIL_EUR_M(1.0),03/03/26 11:00:00,Monthly,Average,National currency,Polish zloty,2007-02,3.8943,,
ESTAT:ERT_BIL_EUR_M(1.0),03/03/26 11:00:00,Monthly,Average,National currency,Polish zloty,2007-03,3.8859,,
ESTAT:ERT_BIL_EUR_M(1.0),03/03/26 11:00:00,Monthly,Average,National currency,Polish zloty,2007-04,3.8144,,
ESTAT:ERT_BIL_EUR_M(1.0),03/03/26 11:00:00,Monthly,Average,National currency,Polish zloty,2007-05,3.7819,,
ESTAT:ERT_BIL_EUR_M(1.0),03/03/26 11:00:00,Monthly,Average,National currency,Polish zloty,2007-06,3.8074,,
ESTAT:ERT_BIL_EUR_M(1.0),03/03/26 11:00:00,Monthly,Average,National currency,Polish zloty,2007-07,3.7682,,
ESTAT:ERT_BIL_EUR_M(1.0),03/03/26 11:00:00,Monthly,Average,National currency,Polish zloty,2007-08,3.8116,,
ESTAT:ERT_BIL_EUR_M(1.0),03/03/26 11:00:00,Monthly,Average,National currency,Polish zloty,2007-09,3.7891,,
ESTAT:ERT_BIL_EUR_M(1.0),03/03/26 11:00:00,Monthly,Average,National currency,Polish zloty,2007-10,3.7062,,
ESTAT:ERT_BIL_EUR_M(1.0),03/03/26 11:00:00,Monthly,Average,National currency,Polish zloty,2007-11,3.6575,,
ESTAT:ERT_BIL_EUR_M(1.0),03/03/26 11:00:00,Monthly,Average,National currency,Polish zloty,2007-12,3.6015,,
ESTAT:ERT_BIL_EUR_M(1.0),03/03/26 11:00:00,Monthly,Average,National currency,Polish zloty,2008-01,3.6092,,
ESTAT:ERT_BIL_EUR_M(1.0),03/03/26 11:00:00,Monthly,Average,National currency,Polish zloty,2008-02,3.5768,,
ESTAT:ERT_BIL_EUR_M(1.0),03/03/26 11:00:00,Monthly,Average,National currency,Polish zloty,2008-03,3.5363,,
ESTAT:ERT_BIL_EUR_M(1.0),03/03/26 11:00:00,Monthly,Average,National currency,Polish zloty,2008-04,3.4421,,
ESTAT:ERT_BIL_EUR_M(1.0),03/03/26 11:00:00,Monthly,Average,National currency,Polish zloty,2008-05,3.4038,,
ESTAT:ERT_BIL_EUR_M(1.0),03/03/26 11:00:00,Monthly,Average,National currency,Polish zloty,2008-06,3.3736,,
ESTAT:ERT_BIL_EUR_M(1.0),03/03/26 11:00:00,Monthly,Average,National currency,Polish zloty,2008-07,3.2591,,
ESTAT:ERT_BIL_EUR_M(1.0),03/03/26 11:00:00,Monthly,Average,National currency,Polish zloty,2008-08,3.2920,,
ESTAT:ERT_BIL_EUR_M(1.0),03/03/26 11:00:00,Monthly,Average,National currency,Polish zloty,2008-09,3.3747,,
ESTAT:ERT_BIL_EUR_M(1.0),03/03/26 11:00:00,Monthly,Average,National currency,Polish zloty,2008-10,3.5767,,
ESTAT:ERT_BIL_EUR_M(1.0),03/03/26 11:00:00,Monthly,Average,National currency,Polish zloty,2008-11,3.7326,,
ESTAT:ERT_BIL_EUR_M(1.0),03/03/26 11:00:00,Monthly,Average,National currency,Polish zloty,2008-12,4.0044,,
ESTAT:ERT_BIL_EUR_M(1.0),03/03/26 11:00:00,Monthly,Average,National currency,Polish zloty,2009-01,4.2300,,
ESTAT:ERT_BIL_EUR_M(1.0),03/03/26 11:00:00,Monthly,Average,National currency,Polish zloty,2009-02,4.6467,,
ESTAT:ERT_BIL_EUR_M(1.0),03/03/26 11:00:00,Monthly,Average,National currency,Polish zloty,2009-03,4.6210,,
ESTAT:ERT_BIL_EUR_M(1.0),03/03/26 11:00:00,Monthly,Average,National currency,Polish zloty,2009-04,4.4326,,
ESTAT:ERT_BIL_EUR_M(1.0),03/03/26 11:00:00,Monthly,Average,National currency,Polish zloty,2009-05,4.4103,,
ESTAT:ERT_BIL_EUR_M(1.0),03/03/26 11:00:00,Monthly,Average,National currency,Polish zloty,2009-06,4.5084,,
ESTAT:ERT_BIL_EUR_M(1.0),03/03/26 11:00:00,Monthly,Average,National currency,Polish zloty,2009-07,4.2965,,
ESTAT:ERT_BIL_EUR_M(1.0),03/03/26 11:00:00,Monthly,Average,National currency,Polish zloty,2009-08,4.1311,,
ESTAT:ERT_BIL_EUR_M(1.0),03/03/26 11:00:00,Monthly,Average,National currency,Polish zloty,2009-09,4.1584,,
ESTAT:ERT_BIL_EUR_M(1.0),03/03/26 11:00:00,Monthly,Average,National currency,Polish zloty,2009-10,4.2146,,
ESTAT:ERT_BIL_EUR_M(1.0),03/03/26 11:00:00,Monthly,Average,National currency,Polish zloty,2009-11,4.1646,,
ESTAT:ERT_BIL_EUR_M(1.0),03/03/26 11:00:00,Monthly,Average,National currency,Polish zloty,2009-12,4.1439,,
ESTAT:ERT_BIL_EUR_M(1.0),03/03/26 11:00:00,Monthly,Average,National currency,Polish zloty,2010-01,4.0703,,
ESTAT:ERT_BIL_EUR_M(1.0),03/03/26 11:00:00,Monthly,Average,National currency,Polish zloty,2010-02,4.0144,,
ESTAT:ERT_BIL_EUR_M(1.0),03/03/26 11:00:00,Monthly,Average,National currency,Polish zloty,2010-03,3.8906,,
ESTAT:ERT_BIL_EUR_M(1.0),03/03/26 11:00:00,Monthly,Average,National currency,Polish zloty,2010-04,3.8782,,
ESTAT:ERT_BIL_EUR_M(1.0),03/03/26 11:00:00,Monthly,Average,National currency,Polish zloty,2010-05,4.0567,,
ESTAT:ERT_BIL_EUR_M(1.0),03/03/26 11:00:00,Monthly,Average,National currency,Polish zloty,2010-06,4.1055,,
ESTAT:ERT_BIL_EUR_M(1.0),03/03/26 11:00:00,Monthly,Average,National currency,Polish zloty,2010-07,4.0814,,
ESTAT:ERT_BIL_EUR_M(1.0),03/03/26 11:00:00,Monthly,Average,National currency,Polish zloty,2010-08,3.9899,,
ESTAT:ERT_BIL_EUR_M(1.0),03/03/26 11:00:00,Monthly,Average,National currency,Polish zloty,2010-09,3.9548,,
ESTAT:ERT_BIL_EUR_M(1.0),03/03/26 11:00:00,Monthly,Average,National currency,Polish zloty,2010-10,3.9496,,
ESTAT:ERT_BIL_EUR_M(1.0),03/03/26 11:00:00,Monthly,Average,National currency,Polish zloty,2010-11,3.9520,,
ESTAT:ERT_BIL_EUR_M(1.0),03/03/26 11:00:00,Monthly,Average,National currency,Polish zloty,2010-12,3.9962,,
ESTAT:ERT_BIL_EUR_M(1.0),03/03/26 11:00:00,Monthly,Average,National currency,Polish zloty,2011-01,3.8896,,
ESTAT:ERT_BIL_EUR_M(1.0),03/03/26 11:00:00,Monthly,Average,National currency,Polish zloty,2011-02,3.9264,,
ESTAT:ERT_BIL_EUR_M(1.0),03/03/26 11:00:00,Monthly,Average,National currency,Polish zloty,2011-03,4.0145,,
ESTAT:ERT_BIL_EUR_M(1.0),03/03/26 11:00:00,Monthly,Average,National currency,Polish zloty,2011-04,3.9694,,
ESTAT:ERT_BIL_EUR_M(1.0),03/03/26 11:00:00,Monthly,Average,National currency,Polish zloty,2011-05,3.9404,,
ESTAT:ERT_BIL_EUR_M(1.0),03/03/26 11:00:00,Monthly,Average,National currency,Polish zloty,2011-06,3.9702,,
ESTAT:ERT_BIL_EUR_M(1.0),03/03/26 11:00:00,Monthly,Average,National currency,Polish zloty,2011-07,3.9951,,
ESTAT:ERT_BIL_EUR_M(1.0),03/03/26 11:00:00,Monthly,Average,National currency,Polish zloty,2011-08,4.1195,,
ESTAT:ERT_BIL_EUR_M(1.0),03/03/26 11:00:00,Monthly,Average,National currency,Polish zloty,2011-09,4.3379,,
ESTAT:ERT_BIL_EUR_M(1.0),03/03/26 11:00:00,Monthly,Average,National currency,Polish zloty,2011-10,4.3516,,
ESTAT:ERT_BIL_EUR_M(1.0),03/03/26 11:00:00,Monthly,Average,National currency,Polish zloty,2011-11,4.4324,,
ESTAT:ERT_BIL_EUR_M(1.0),03/03/26 11:00:00,Monthly,Average,National currency,Polish zloty,2011-12,4.4774,,
ESTAT:ERT_BIL_EUR_M(1.0),03/03/26 11:00:00,Monthly,Average,National currency,Polish zloty,2012-01,4.3760,,
ESTAT:ERT_BIL_EUR_M(1.0),03/03/26 11:00:00,Monthly,Average,National currency,Polish zloty,2012-02,4.1835,,
ESTAT:ERT_BIL_EUR_M(1.0),03/03/26 11:00:00,Monthly,Average,National currency,Polish zloty,2012-03,4.1370,,
ESTAT:ERT_BIL_EUR_M(1.0),03/03/26 11:00:00,Monthly,Average,National currency,Polish zloty,2012-04,4.1782,,
ESTAT:ERT_BIL_EUR_M(1.0),03/03/26 11:00:00,Monthly,Average,National currency,Polish zloty,2012-05,4.2936,,
ESTAT:ERT_BIL_EUR_M(1.0),03/03/26 11:00:00,Monthly,Average,National currency,Polish zloty,2012-06,4.2973,,
ESTAT:ERT_BIL_EUR_M(1.0),03/03/26 11:00:00,Monthly,Average,National currency,Polish zloty,2012-07,4.1837,,
ESTAT:ERT_BIL_EUR_M(1.0),03/03/26 11:00:00,Monthly,Average,National currency,Polish zloty,2012-08,4.0934,,
ESTAT:ERT_BIL_EUR_M(1.0),03/03/26 11:00:00,Monthly,Average,National currency,Polish zloty,2012-09,4.1345,,
ESTAT:ERT_BIL_EUR_M(1.0),03/03/26 11:00:00,Monthly,Average,National currency,Polish zloty,2012-10,4.1071,,
ESTAT:ERT_BIL_EUR_M(1.0),03/03/26 11:00:00,Monthly,Average,National currency,Polish zloty,2012-11,4.1321,,
ESTAT:ERT_BIL_EUR_M(1.0),03/03/26 11:00:00,Monthly,Average,National currency,Polish zloty,2012-12,4.0956,,
ESTAT:ERT_BIL_EUR_M(1.0),03/03/26 11:00:00,Monthly,Average,National currency,Polish zloty,2013-01,4.1424,,
ESTAT:ERT_BIL_EUR_M(1.0),03/03/26 11:00:00,Monthly,Average,National currency,Polish zloty,2013-02,4.1700,,
ESTAT:ERT_BIL_EUR_M(1.0),03/03/26 11:00:00,Monthly,Average,National currency,Polish zloty,2013-03,4.1565,,
ESTAT:ERT_BIL_EUR_M(1.0),03/03/26 11:00:00,Monthly,Average,National currency,Polish zloty,2013-04,4.1359,,
ESTAT:ERT_BIL_EUR_M(1.0),03/03/26 11:00:00,Monthly,Average,National currency,Polish zloty,2013-05,4.1799,,
ESTAT:ERT_BIL_EUR_M(1.0),03/03/26 11:00:00,Monthly,Average,National currency,Polish zloty,2013-06,4.2839,,
ESTAT:ERT_BIL_EUR_M(1.0),03/03/26 11:00:00,Monthly,Average,National currency,Polish zloty,2013-07,4.2745,,
ESTAT:ERT_BIL_EUR_M(1.0),03/03/26 11:00:00,Monthly,Average,National currency,Polish zloty,2013-08,4.2299,,
ESTAT:ERT_BIL_EUR_M(1.0),03/03/26 11:00:00,Monthly,Average,National currency,Polish zloty,2013-09,4.2371,,
ESTAT:ERT_BIL_EUR_M(1.0),03/03/26 11:00:00,Monthly,Average,National currency,Polish zloty,2013-10,4.1902,,
ESTAT:ERT_BIL_EUR_M(1.0),03/03/26 11:00:00,Monthly,Average,National currency,Polish zloty,2013-11,4.1887,,
ESTAT:ERT_BIL_EUR_M(1.0),03/03/26 11:00:00,Monthly,Average,National currency,Polish zloty,2013-12,4.1760,,
ESTAT:ERT_BIL_EUR_M(1.0),03/03/26 11:00:00,Monthly,Average,National currency,Polish zloty,2014-01,4.1799,,
ESTAT:ERT_BIL_EUR_M(1.0),03/03/26 11:00:00,Monthly,Average,National currency,Polish zloty,2014-02,4.1741,,
ESTAT:ERT_BIL_EUR_M(1.0),03/03/26 11:00:00,Monthly,Average,National currency,Polish zloty,2014-03,4.1987,,
ESTAT:ERT_BIL_EUR_M(1.0),03/03/26 11:00:00,Monthly,Average,National currency,Polish zloty,2014-04,4.1853,,
ESTAT:ERT_BIL_EUR_M(1.0),03/03/26 11:00:00,Monthly,Average,National currency,Polish zloty,2014-05,4.1800,,
ESTAT:ERT_BIL_EUR_M(1.0),03/03/26 11:00:00,Monthly,Average,National currency,Polish zloty,2014-06,4.1352,,
ESTAT:ERT_BIL_EUR_M(1.0),03/03/26 11:00:00,Monthly,Average,National currency,Polish zloty,2014-07,4.1444,,
ESTAT:ERT_BIL_EUR_M(1.0),03/03/26 11:00:00,Monthly,Average,National currency,Polish zloty,2014-08,4.1919,,
ESTAT:ERT_BIL_EUR_M(1.0),03/03/26 11:00:00,Monthly,Average,National currency,Polish zloty,2014-09,4.1899,,
ESTAT:ERT_BIL_EUR_M(1.0),03/03/26 11:00:00,Monthly,Average,National currency,Polish zloty,2014-10,4.2066,,
ESTAT:ERT_BIL_EUR_M(1.0),03/03/26 11:00:00,Monthly,Average,National currency,Polish zloty,2014-11,4.2121,,
ESTAT:ERT_BIL_EUR_M(1.0),03/03/26 11:00:00,Monthly,Average,National currency,Polish zloty,2014-12,4.2155,,
ESTAT:ERT_BIL_EUR_M(1.0),03/03/26 11:00:00,Monthly,Average,National currency,Polish zloty,2015-01,4.2783,,
ESTAT:ERT_BIL_EUR_M(1.0),03/03/26 11:00:00,Monthly,Average,National currency,Polish zloty,2015-02,4.1760,,
ESTAT:ERT_BIL_EUR_M(1.0),03/03/26 11:00:00,Monthly,Average,National currency,Polish zloty,2015-03,4.1259,,
ESTAT:ERT_BIL_EUR_M(1.0),03/03/26 11:00:00,Monthly,Average,National currency,Polish zloty,2015-04,4.0180,,
ESTAT:ERT_BIL_EUR_M(1.0),03/03/26 11:00:00,Monthly,Average,National currency,Polish zloty,2015-05,4.0811,,
ESTAT:ERT_BIL_EUR_M(1.0),03/03/26 11:00:00,Monthly,Average,National currency,Polish zloty,2015-06,4.1586,,
ESTAT:ERT_BIL_EUR_M(1.0),03/03/26 11:00:00,Monthly,Average,National currency,Polish zloty,2015-07,4.1524,,
ESTAT:ERT_BIL_EUR_M(1.0),03/03/26 11:00:00,Monthly,Average,National currency,Polish zloty,2015-08,4.1953,,
ESTAT:ERT_BIL_EUR_M(1.0),03/03/26 11:00:00,Monthly,Average,National currency,Polish zloty,2015-09,4.2176,,
ESTAT:ERT_BIL_EUR_M(1.0),03/03/26 11:00:00,Monthly,Average,National currency,Polish zloty,2015-10,4.2508,,
ESTAT:ERT_BIL_EUR_M(1.0),03/03/26 11:00:00,Monthly,Average,National currency,Polish zloty,2015-11,4.2494,,
ESTAT:ERT_BIL_EUR_M(1.0),03/03/26 11:00:00,Monthly,Average,National currency,Polish zloty,2015-12,4.2900,,
ESTAT:ERT_BIL_EUR_M(1.0),03/03/26 11:00:00,Monthly,Average,National currency,Polish zloty,2016-01,4.4074,,
ESTAT:ERT_BIL_EUR_M(1.0),03/03/26 11:00:00,Monthly,Average,National currency,Polish zloty,2016-02,4.3970,,
ESTAT:ERT_BIL_EUR_M(1.0),03/03/26 11:00:00,Monthly,Average,National currency,Polish zloty,2016-03,4.2932,,
ESTAT:ERT_BIL_EUR_M(1.0),03/03/26 11:00:00,Monthly,Average,National currency,Polish zloty,2016-04,4.3106,,
ESTAT:ERT_BIL_EUR_M(1.0),03/03/26 11:00:00,Monthly,Average,National currency,Polish zloty,2016-05,4.4039,,
ESTAT:ERT_BIL_EUR_M(1.0),03/03/26 11:00:00,Monthly,Average,National currency,Polish zloty,2016-06,4.3996,,
ESTAT:ERT_BIL_EUR_M(1.0),03/03/26 11:00:00,Monthly,Average,National currency,Polish zloty,2016-07,4.3964,,
ESTAT:ERT_BIL_EUR_M(1.0),03/03/26 11:00:00,Monthly,Average,National currency,Polish zloty,2016-08,4.3005,,
ESTAT:ERT_BIL_EUR_M(1.0),03/03/26 11:00:00,Monthly,Average,National currency,Polish zloty,2016-09,4.3207,,
ESTAT:ERT_BIL_EUR_M(1.0),03/03/26 11:00:00,Monthly,Average,National currency,Polish zloty,2016-10,4.3076,,
ESTAT:ERT_BIL_EUR_M(1.0),03/03/26 11:00:00,Monthly,Average,National currency,Polish zloty,2016-11,4.3911,,
ESTAT:ERT_BIL_EUR_M(1.0),03/03/26 11:00:00,Monthly,Average,National currency,Polish zloty,2016-12,4.4357,,
ESTAT:ERT_BIL_EUR_M(1.0),03/03/26 11:00:00,Monthly,Average,National currency,Polish zloty,2017-01,4.3671,,
ESTAT:ERT_BIL_EUR_M(1.0),03/03/26 11:00:00,Monthly,Average,National currency,Polish zloty,2017-02,4.3081,,
ESTAT:ERT_BIL_EUR_M(1.0),03/03/26 11:00:00,Monthly,Average,National currency,Polish zloty,2017-03,4.2871,,
ESTAT:ERT_BIL_EUR_M(1.0),03/03/26 11:00:00,Monthly,Average,National currency,Polish zloty,2017-04,4.2374,,
ESTAT:ERT_BIL_EUR_M(1.0),03/03/26 11:00:00,Monthly,Average,National currency,Polish zloty,2017-05,4.1998,,
ESTAT:ERT_BIL_EUR_M(1.0),03/03/26 11:00:00,Monthly,Average,National currency,Polish zloty,2017-06,4.2113,,
ESTAT:ERT_BIL_EUR_M(1.0),03/03/26 11:00:00,Monthly,Average,National currency,Polish zloty,2017-07,4.2362,,
ESTAT:ERT_BIL_EUR_M(1.0),03/03/26 11:00:00,Monthly,Average,National currency,Polish zloty,2017-08,4.2666,,
ESTAT:ERT_BIL_EUR_M(1.0),03/03/26 11:00:00,Monthly,Average,National currency,Polish zloty,2017-09,4.2693,,
ESTAT:ERT_BIL_EUR_M(1.0),03/03/26 11:00:00,Monthly,Average,National currency,Polish zloty,2017-10,4.2627,,
ESTAT:ERT_BIL_EUR_M(1.0),03/03/26 11:00:00,Monthly,Average,National currency,Polish zloty,2017-11,4.2268,,
ESTAT:ERT_BIL_EUR_M(1.0),03/03/26 11:00:00,Monthly,Average,National currency,Polish zloty,2017-12,4.2032,,
ESTAT:ERT_BIL_EUR_M(1.0),03/03/26 11:00:00,Monthly,Average,National currency,Polish zloty,2018-01,4.1632,,
ESTAT:ERT_BIL_EUR_M(1.0),03/03/26 11:00:00,Monthly,Average,National currency,Polish zloty,2018-02,4.1653,,
ESTAT:ERT_BIL_EUR_M(1.0),03/03/26 11:00:00,Monthly,Average,National currency,Polish zloty,2018-03,4.2092,,
ESTAT:ERT_BIL_EUR_M(1.0),03/03/26 11:00:00,Monthly,Average,National currency,Polish zloty,2018-04,4.1937,,
ESTAT:ERT_BIL_EUR_M(1.0),03/03/26 11:00:00,Monthly,Average,National currency,Polish zloty,2018-05,4.2850,,
ESTAT:ERT_BIL_EUR_M(1.0),03/03/26 11:00:00,Monthly,Average,National currency,Polish zloty,2018-06,4.3038,,
ESTAT:ERT_BIL_EUR_M(1.0),03/03/26 11:00:00,Monthly,Average,National currency,Polish zloty,2018-07,4.3239,,
ESTAT:ERT_BIL_EUR_M(1.0),03/03/26 11:00:00,Monthly,Average,National currency,Polish zloty,2018-08,4.2858,,
ESTAT:ERT_BIL_EUR_M(1.0),03/03/26 11:00:00,Monthly,Average,National currency,Polish zloty,2018-09,4.3006,,
ESTAT:ERT_BIL_EUR_M(1.0),03/03/26 11:00:00,Monthly,Average,National currency,Polish zloty,2018-10,4.3046,,
ESTAT:ERT_BIL_EUR_M(1.0),03/03/26 11:00:00,Monthly,Average,National currency,Polish zloty,2018-11,4.3018,,
ESTAT:ERT_BIL_EUR_M(1.0),03/03/26 11:00:00,Monthly,Average,National currency,Polish zloty,2018-12,4.2900,,
ESTAT:ERT_BIL_EUR_M(1.0),03/03/26 11:00:00,Monthly,Average,National currency,Polish zloty,2019-01,4.2916,,
ESTAT:ERT_BIL_EUR_M(1.0),03/03/26 11:00:00,Monthly,Average,National currency,Polish zloty,2019-02,4.3175,,
ESTAT:ERT_BIL_EUR_M(1.0),03/03/26 11:00:00,Monthly,Average,National currency,Polish zloty,2019-03,4.2969,,
ESTAT:ERT_BIL_EUR_M(1.0),03/03/26 11:00:00,Monthly,Average,National currency,Polish zloty,2019-04,4.2864,,
ESTAT:ERT_BIL_EUR_M(1.0),03/03/26 11:00:00,Monthly,Average,National currency,Polish zloty,2019-05,4.2958,,
ESTAT:ERT_BIL_EUR_M(1.0),03/03/26 11:00:00,Monthly,Average,National currency,Polish zloty,2019-06,4.2635,,
ESTAT:ERT_BIL_EUR_M(1.0),03/03/26 11:00:00,Monthly,Average,National currency,Polish zloty,2019-07,4.2596,,
ESTAT:ERT_BIL_EUR_M(1.0),03/03/26 11:00:00,Monthly,Average,National currency,Polish zloty,2019-08,4.3466,,
ESTAT:ERT_BIL_EUR_M(1.0),03/03/26 11:00:00,Monthly,Average,National currency,Polish zloty,2019-09,4.3531,,
ESTAT:ERT_BIL_EUR_M(1.0),03/03/26 11:00:00,Monthly,Average,National currency,Polish zloty,2019-10,4.3013,,
ESTAT:ERT_BIL_EUR_M(1.0),03/03/26 11:00:00,Monthly,Average,National currency,Polish zloty,2019-11,4.2855,,
ESTAT:ERT_BIL_EUR_M(1.0),03/03/26 11:00:00,Monthly,Average,National currency,Polish zloty,2019-12,4.2726,,
ESTAT:ERT_BIL_EUR_M(1.0),03/03/26 11:00:00,Monthly,Average,National currency,Polish zloty,2020-01,4.2507,,
ESTAT:ERT_BIL_EUR_M(1.0),03/03/26 11:00:00,Monthly,Average,National currency,Polish zloty,2020-02,4.2766,,
ESTAT:ERT_BIL_EUR_M(1.0),03/03/26 11:00:00,Monthly,Average,National currency,Polish zloty,2020-03,4.4406,,
ESTAT:ERT_BIL_EUR_M(1.0),03/03/26 11:00:00,Monthly,Average,National currency,Polish zloty,2020-04,4.5437,,
ESTAT:ERT_BIL_EUR_M(1.0),03/03/26 11:00:00,Monthly,Average,National currency,Polish zloty,2020-05,4.5251,,
ESTAT:ERT_BIL_EUR_M(1.0),03/03/26 11:00:00,Monthly,Average,National currency,Polish zloty,2020-06,4.4450,,
ESTAT:ERT_BIL_EUR_M(1.0),03/03/26 11:00:00,Monthly,Average,National currency,Polish zloty,2020-07,4.4493,,
ESTAT:ERT_BIL_EUR_M(1.0),03/03/26 11:00:00,Monthly,Average,National currency,Polish zloty,2020-08,4.3995,,
ESTAT:ERT_BIL_EUR_M(1.0),03/03/26 11:00:00,Monthly,Average,National currency,Polish zloty,2020-09,4.4727,,
ESTAT:ERT_BIL_EUR_M(1.0),03/03/26 11:00:00,Monthly,Average,National currency,Polish zloty,2020-10,4.5414,,
ESTAT:ERT_BIL_EUR_M(1.0),03/03/26 11:00:00,Monthly,Average,National currency,Polish zloty,2020-11,4.4949,,
ESTAT:ERT_BIL_EUR_M(1.0),03/03/26 11:00:00,Monthly,Average,National currency,Polish zloty,2020-12,4.4786,,
ESTAT:ERT_BIL_EUR_M(1.0),03/03/26 11:00:00,Monthly,Average,National currency,Polish zloty,2021-01,4.5333,,
ESTAT:ERT_BIL_EUR_M(1.0),03/03/26 11:00:00,Monthly,Average,National currency,Polish zloty,2021-02,4.4968,,
ESTAT:ERT_BIL_EUR_M(1.0),03/03/26 11:00:00,Monthly,Average,National currency,Polish zloty,2021-03,4.5991,,
ESTAT:ERT_BIL_EUR_M(1.0),03/03/26 11:00:00,Monthly,Average,National currency,Polish zloty,2021-04,4.5615,,
ESTAT:ERT_BIL_EUR_M(1.0),03/03/26 11:00:00,Monthly,Average,National currency,Polish zloty,2021-05,4.5281,,
ESTAT:ERT_BIL_EUR_M(1.0),03/03/26 11:00:00,Monthly,Average,National currency,Polish zloty,2021-06,4.5005,,
ESTAT:ERT_BIL_EUR_M(1.0),03/03/26 11:00:00,Monthly,Average,National currency,Polish zloty,2021-07,4.5616,,
ESTAT:ERT_BIL_EUR_M(1.0),03/03/26 11:00:00,Monthly,Average,National currency,Polish zloty,2021-08,4.5687,,
ESTAT:ERT_BIL_EUR_M(1.0),03/03/26 11:00:00,Monthly,Average,National currency,Polish zloty,2021-09,4.5681,,
ESTAT:ERT_BIL_EUR_M(1.0),03/03/26 11:00:00,Monthly,Average,National currency,Polish zloty,2021-10,4.5909,,
ESTAT:ERT_BIL_EUR_M(1.0),03/03/26 11:00:00,Monthly,Average,National currency,Polish zloty,2021-11,4.6462,,
ESTAT:ERT_BIL_EUR_M(1.0),03/03/26 11:00:00,Monthly,Average,National currency,Polish zloty,2021-12,4.6137,,
ESTAT:ERT_BIL_EUR_M(1.0),03/03/26 11:00:00,Monthly,Average,National currency,Polish zloty,2022-01,4.5522,,
ESTAT:ERT_BIL_EUR_M(1.0),03/03/26 11:00:00,Monthly,Average,National currency,Polish zloty,2022-02,4.5487,,
ESTAT:ERT_BIL_EUR_M(1.0),03/03/26 11:00:00,Monthly,Average,National currency,Polish zloty,2022-03,4.7522,,
ESTAT:ERT_BIL_EUR_M(1.0),03/03/26 11:00:00,Monthly,Average,National currency,Polish zloty,2022-04,4.6485,,
ESTAT:ERT_BIL_EUR_M(1.0),03/03/26 11:00:00,Monthly,Average,National currency,Polish zloty,2022-05,4.6485,,
ESTAT:ERT_BIL_EUR_M(1.0),03/03/26 11:00:00,Monthly,Average,National currency,Polish zloty,2022-06,4.6471,,
ESTAT:ERT_BIL_EUR_M(1.0),03/03/26 11:00:00,Monthly,Average,National currency,Polish zloty,2022-07,4.7682,,
ESTAT:ERT_BIL_EUR_M(1.0),03/03/26 11:00:00,Monthly,Average,National currency,Polish zloty,2022-08,4.7233,,
ESTAT:ERT_BIL_EUR_M(1.0),03/03/26 11:00:00,Monthly,Average,National currency,Polish zloty,2022-09,4.7414,,
ESTAT:ERT_BIL_EUR_M(1.0),03/03/26 11:00:00,Monthly,Average,National currency,Polish zloty,2022-10,4.8040,,
ESTAT:ERT_BIL_EUR_M(1.0),03/03/26 11:00:00,Monthly,Average,National currency,Polish zloty,2022-11,4.6964,,
ESTAT:ERT_BIL_EUR_M(1.0),03/03/26 11:00:00,Monthly,Average,National currency,Polish zloty,2022-12,4.6832,,
ESTAT:ERT_BIL_EUR_M(1.0),03/03/26 11:00:00,Monthly,Average,National currency,Polish zloty,2023-01,4.6974,,
ESTAT:ERT_BIL_EUR_M(1.0),03/03/26 11:00:00,Monthly,Average,National currency,Polish zloty,2023-02,4.7415,,
ESTAT:ERT_BIL_EUR_M(1.0),03/03/26 11:00:00,Monthly,Average,National currency,Polish zloty,2023-03,4.6893,,
ESTAT:ERT_BIL_EUR_M(1.0),03/03/26 11:00:00,Monthly,Average,National currency,Polish zloty,2023-04,4.6320,,
ESTAT:ERT_BIL_EUR_M(1.0),03/03/26 11:00:00,Monthly,Average,National currency,Polish zloty,2023-05,4.5344,,
ESTAT:ERT_BIL_EUR_M(1.0),03/03/26 11:00:00,Monthly,Average,National currency,Polish zloty,2023-06,4.4608,,
ESTAT:ERT_BIL_EUR_M(1.0),03/03/26 11:00:00,Monthly,Average,National currency,Polish zloty,2023-07,4.4431,,
ESTAT:ERT_BIL_EUR_M(1.0),03/03/26 11:00:00,Monthly,Average,National currency,Polish zloty,2023-08,4.4601,,
ESTAT:ERT_BIL_EUR_M(1.0),03/03/26 11:00:00,Monthly,Average,National currency,Polish zloty,2023-09,4.5981,,
ESTAT:ERT_BIL_EUR_M(1.0),03/03/26 11:00:00,Monthly,Average,National currency,Polish zloty,2023-10,4.5124,,
ESTAT:ERT_BIL_EUR_M(1.0),03/03/26 11:00:00,Monthly,Average,National currency,Polish zloty,2023-11,4.4020,,
ESTAT:ERT_BIL_EUR_M(1.0),03/03/26 11:00:00,Monthly,Average,National currency,Polish zloty,2023-12,4.3335,,
ESTAT:ERT_BIL_EUR_M(1.0),03/03/26 11:00:00,Monthly,Average,National currency,Polish zloty,2024-01,4.3648,,
ESTAT:ERT_BIL_EUR_M(1.0),03/03/26 11:00:00,Monthly,Average,National currency,Polish zloty,2024-02,4.3256,,
ESTAT:ERT_BIL_EUR_M(1.0),03/03/26 11:00:00,Monthly,Average,National currency,Polish zloty,2024-03,4.3069,,
ESTAT:ERT_BIL_EUR_M(1.0),03/03/26 11:00:00,Monthly,Average,National currency,Polish zloty,2024-04,4.3026,,
ESTAT:ERT_BIL_EUR_M(1.0),03/03/26 11:00:00,Monthly,Average,National currency,Polish zloty,2024-05,4.2796,,
ESTAT:ERT_BIL_EUR_M(1.0),03/03/26 11:00:00,Monthly,Average,National currency,Polish zloty,2024-06,4.3209,,
ESTAT:ERT_BIL_EUR_M(1.0),03/03/26 11:00:00,Monthly,Average,National currency,Polish zloty,2024-07,4.2817,,
ESTAT:ERT_BIL_EUR_M(1.0),03/03/26 11:00:00,Monthly,Average,National currency,Polish zloty,2024-08,4.2917,,
ESTAT:ERT_BIL_EUR_M(1.0),03/03/26 11:00:00,Monthly,Average,National currency,Polish zloty,2024-09,4.2761,,
ESTAT:ERT_BIL_EUR_M(1.0),03/03/26 11:00:00,Monthly,Average,National currency,Polish zloty,2024-10,4.3170,,
ESTAT:ERT_BIL_EUR_M(1.0),03/03/26 11:00:00,Monthly,Average,National currency,Polish zloty,2024-11,4.3317,,
ESTAT:ERT_BIL_EUR_M(1.0),03/03/26 11:00:00,Monthly,Average,National currency,Polish zloty,2024-12,4.2704,,
ESTAT:ERT_BIL_EUR_M(1.0),03/03/26 11:00:00,Monthly,Average,National currency,Polish zloty,2025-01,4.2467,,
ESTAT:ERT_BIL_EUR_M(1.0),03/03/26 11:00:00,Monthly,Average,National currency,Polish zloty,2025-02,4.1722,,
ESTAT:ERT_BIL_EUR_M(1.0),03/03/26 11:00:00,Monthly,Average,National currency,Polish zloty,2025-03,4.1820,,
ESTAT:ERT_BIL_EUR_M(1.0),03/03/26 11:00:00,Monthly,Average,National currency,Polish zloty,2025-04,4.2652,,
ESTAT:ERT_BIL_EUR_M(1.0),03/03/26 11:00:00,Monthly,Average,National currency,Polish zloty,2025-05,4.2538,,
ESTAT:ERT_BIL_EUR_M(1.0),03/03/26 11:00:00,Monthly,Average,National currency,Polish zloty,2025-06,4.2658,,
ESTAT:ERT_BIL_EUR_M(1.0),03/03/26 11:00:00,Monthly,Average,National currency,Polish zloty,2025-07,4.2541,,
ESTAT:ERT_BIL_EUR_M(1.0),03/03/26 11:00:00,Monthly,Average,National currency,Polish zloty,2025-08,4.2613,,
ESTAT:ERT_BIL_EUR_M(1.0),03/03/26 11:00:00,Monthly,Average,National currency,Polish zloty,2025-09,4.2589,,
ESTAT:ERT_BIL_EUR_M(1.0),03/03/26 11:00:00,Monthly,Average,National currency,Polish zloty,2025-10,4.2488,,
ESTAT:ERT_BIL_EUR_M(1.0),03/03/26 11:00:00,Monthly,Average,National currency,Polish zloty,2025-11,4.2376,,
ESTAT:ERT_BIL_EUR_M(1.0),03/03/26 11:00:00,Monthly,Average,National currency,Polish zloty,2025-12,4.2239,,
ESTAT:ERT_BIL_EUR_M(1.0),03/03/26 11:00:00,Monthly,Average,National currency,Polish zloty,2026-01,4.2127,,
ESTAT:ERT_BIL_EUR_M(1.0),03/03/26 11:00:00,Monthly,Average,National currency,Polish zloty,2026-02,4.2184,,
ESTAT:ERT_BIL_EUR_M(1.0),03/03/26 11:00:00,Monthly,Average,National currency,US dollar,2003-01,1.0622,,
ESTAT:ERT_BIL_EUR_M(1.0),03/03/26 11:00:00,Monthly,Average,National currency,US dollar,2003-02,1.0773,,
ESTAT:ERT_BIL_EUR_M(1.0),03/03/26 11:00:00,Monthly,Average,National currency,US dollar,2003-03,1.0807,,
ESTAT:ERT_BIL_EUR_M(1.0),03/03/26 11:00:00,Monthly,Average,National currency,US dollar,2003-04,1.0848,,
ESTAT:ERT_BIL_EUR_M(1.0),03/03/26 11:00:00,Monthly,Average,National currency,US dollar,2003-05,1.1582,,
ESTAT:ERT_BIL_EUR_M(1.0),03/03/26 11:00:00,Monthly,Average,National currency,US dollar,2003-06,1.1663,,
ESTAT:ERT_BIL_EUR_M(1.0),03/03/26 11:00:00,Monthly,Average,National currency,US dollar,2003-07,1.1372,,
ESTAT:ERT_BIL_EUR_M(1.0),03/03/26 11:00:00,Monthly,Average,National currency,US dollar,2003-08,1.1139,,
ESTAT:ERT_BIL_EUR_M(1.0),03/03/26 11:00:00,Monthly,Average,National currency,US dollar,2003-09,1.1222,,
ESTAT:ERT_BIL_EUR_M(1.0),03/03/26 11:00:00,Monthly,Average,National currency,US dollar,2003-10,1.1692,,
ESTAT:ERT_BIL_EUR_M(1.0),03/03/26 11:00:00,Monthly,Average,National currency,US dollar,2003-11,1.1702,,
ESTAT:ERT_BIL_EUR_M(1.0),03/03/26 11:00:00,Monthly,Average,National currency,US dollar,2003-12,1.2286,,
ESTAT:ERT_BIL_EUR_M(1.0),03/03/26 11:00:00,Monthly,Average,National currency,US dollar,2004-01,1.2613,,
ESTAT:ERT_BIL_EUR_M(1.0),03/03/26 11:00:00,Monthly,Average,National currency,US dollar,2004-02,1.2646,,
ESTAT:ERT_BIL_EUR_M(1.0),03/03/26 11:00:00,Monthly,Average,National currency,US dollar,2004-03,1.2262,,
ESTAT:ERT_BIL_EUR_M(1.0),03/03/26 11:00:00,Monthly,Average,National currency,US dollar,2004-04,1.1985,,
ESTAT:ERT_BIL_EUR_M(1.0),03/03/26 11:00:00,Monthly,Average,National currency,US dollar,2004-05,1.2007,,
ESTAT:ERT_BIL_EUR_M(1.0),03/03/26 11:00:00,Monthly,Average,National currency,US dollar,2004-06,1.2138,,
ESTAT:ERT_BIL_EUR_M(1.0),03/03/26 11:00:00,Monthly,Average,National currency,US dollar,2004-07,1.2266,,
ESTAT:ERT_BIL_EUR_M(1.0),03/03/26 11:00:00,Monthly,Average,National currency,US dollar,2004-08,1.2176,,
ESTAT:ERT_BIL_EUR_M(1.0),03/03/26 11:00:00,Monthly,Average,National currency,US dollar,2004-09,1.2218,,
ESTAT:ERT_BIL_EUR_M(1.0),03/03/26 11:00:00,Monthly,Average,National currency,US dollar,2004-10,1.2490,,
ESTAT:ERT_BIL_EUR_M(1.0),03/03/26 11:00:00,Monthly,Average,National currency,US dollar,2004-11,1.2991,,
ESTAT:ERT_BIL_EUR_M(1.0),03/03/26 11:00:00,Monthly,Average,National currency,US dollar,2004-12,1.3408,,
ESTAT:ERT_BIL_EUR_M(1.0),03/03/26 11:00:00,Monthly,Average,National currency,US dollar,2005-01,1.3119,,
ESTAT:ERT_BIL_EUR_M(1.0),03/03/26 11:00:00,Monthly,Average,National currency,US dollar,2005-02,1.3014,,
ESTAT:ERT_BIL_EUR_M(1.0),03/03/26 11:00:00,Monthly,Average,National currency,US dollar,2005-03,1.3201,,
ESTAT:ERT_BIL_EUR_M(1.0),03/03/26 11:00:00,Monthly,Average,National currency,US dollar,2005-04,1.2938,,
ESTAT:ERT_BIL_EUR_M(1.0),03/03/26 11:00:00,Monthly,Average,National currency,US dollar,2005-05,1.2694,,
ESTAT:ERT_BIL_EUR_M(1.0),03/03/26 11:00:00,Monthly,Average,National currency,US dollar,2005-06,1.2165,,
ESTAT:ERT_BIL_EUR_M(1.0),03/03/26 11:00:00,Monthly,Average,National currency,US dollar,2005-07,1.2037,,
ESTAT:ERT_BIL_EUR_M(1.0),03/03/26 11:00:00,Monthly,Average,National currency,US dollar,2005-08,1.2292,,
ESTAT:ERT_BIL_EUR_M(1.0),03/03/26 11:00:00,Monthly,Average,National currency,US dollar,2005-09,1.2256,,
ESTAT:ERT_BIL_EUR_M(1.0),03/03/26 11:00:00,Monthly,Average,National currency,US dollar,2005-10,1.2015,,
ESTAT:ERT_BIL_EUR_M(1.0),03/03/26 11:00:00,Monthly,Average,National currency,US dollar,2005-11,1.1786,,
ESTAT:ERT_BIL_EUR_M(1.0),03/03/26 11:00:00,Monthly,Average,National currency,US dollar,2005-12,1.1856,,
ESTAT:ERT_BIL_EUR_M(1.0),03/03/26 11:00:00,Monthly,Average,National currency,US dollar,2006-01,1.2103,,
ESTAT:ERT_BIL_EUR_M(1.0),03/03/26 11:00:00,Monthly,Average,National currency,US dollar,2006-02,1.1938,,
ESTAT:ERT_BIL_EUR_M(1.0),03/03/26 11:00:00,Monthly,Average,National currency,US dollar,2006-03,1.2020,,
ESTAT:ERT_BIL_EUR_M(1.0),03/03/26 11:00:00,Monthly,Average,National currency,US dollar,2006-04,1.2271,,
ESTAT:ERT_BIL_EUR_M(1.0),03/03/26 11:00:00,Monthly,Average,National currency,US dollar,2006-05,1.2770,,
ESTAT:ERT_BIL_EUR_M(1.0),03/03/26 11:00:00,Monthly,Average,National currency,US dollar,2006-06,1.2650,,
ESTAT:ERT_BIL_EUR_M(1.0),03/03/26 11:00:00,Monthly,Average,National currency,US dollar,2006-07,1.2684,,
ESTAT:ERT_BIL_EUR_M(1.0),03/03/26 11:00:00,Monthly,Average,National currency,US dollar,2006-08,1.2811,,
ESTAT:ERT_BIL_EUR_M(1.0),03/03/26 11:00:00,Monthly,Average,National currency,US dollar,2006-09,1.2727,,
ESTAT:ERT_BIL_EUR_M(1.0),03/03/26 11:00:00,Monthly,Average,National currency,US dollar,2006-10,1.2611,,
ESTAT:ERT_BIL_EUR_M(1.0),03/03/26 11:00:00,Monthly,Average,National currency,US dollar,2006-11,1.2881,,
ESTAT:ERT_BIL_EUR_M(1.0),03/03/26 11:00:00,Monthly,Average,National currency,US dollar,2006-12,1.3213,,
ESTAT:ERT_BIL_EUR_M(1.0),03/03/26 11:00:00,Monthly,Average,National currency,US dollar,2007-01,1.2999,,
ESTAT:ERT_BIL_EUR_M(1.0),03/03/26 11:00:00,Monthly,Average,National currency,US dollar,2007-02,1.3074,,
ESTAT:ERT_BIL_EUR_M(1.0),03/03/26 11:00:00,Monthly,Average,National currency,US dollar,2007-03,1.3242,,
ESTAT:ERT_BIL_EUR_M(1.0),03/03/26 11:00:00,Monthly,Average,National currency,US dollar,2007-04,1.3516,,
ESTAT:ERT_BIL_EUR_M(1.0),03/03/26 11:00:00,Monthly,Average,National currency,US dollar,2007-05,1.3511,,
ESTAT:ERT_BIL_EUR_M(1.0),03/03/26 11:00:00,Monthly,Average,National currency,US dollar,2007-06,1.3419,,
ESTAT:ERT_BIL_EUR_M(1.0),03/03/26 11:00:00,Monthly,Average,National currency,US dollar,2007-07,1.3716,,
ESTAT:ERT_BIL_EUR_M(1.0),03/03/26 11:00:00,Monthly,Average,National currency,US dollar,2007-08,1.3622,,
ESTAT:ERT_BIL_EUR_M(1.0),03/03/26 11:00:00,Monthly,Average,National currency,US dollar,2007-09,1.3896,,
ESTAT:ERT_BIL_EUR_M(1.0),03/03/26 11:00:00,Monthly,Average,National currency,US dollar,2007-10,1.4227,,
ESTAT:ERT_BIL_EUR_M(1.0),03/03/26 11:00:00,Monthly,Average,National currency,US dollar,2007-11,1.4684,,
ESTAT:ERT_BIL_EUR_M(1.0),03/03/26 11:00:00,Monthly,Average,National currency,US dollar,2007-12,1.4570,,
ESTAT:ERT_BIL_EUR_M(1.0),03/03/26 11:00:00,Monthly,Average,National currency,US dollar,2008-01,1.4718,,
ESTAT:ERT_BIL_EUR_M(1.0),03/03/26 11:00:00,Monthly,Average,National currency,US dollar,2008-02,1.4748,,
ESTAT:ERT_BIL_EUR_M(1.0),03/03/26 11:00:00,Monthly,Average,National currency,US dollar,2008-03,1.5527,,
ESTAT:ERT_BIL_EUR_M(1.0),03/03/26 11:00:00,Monthly,Average,National currency,US dollar,2008-04,1.5751,,
ESTAT:ERT_BIL_EUR_M(1.0),03/03/26 11:00:00,Monthly,Average,National currency,US dollar,2008-05,1.5557,,
ESTAT:ERT_BIL_EUR_M(1.0),03/03/26 11:00:00,Monthly,Average,National currency,US dollar,2008-06,1.5553,,
ESTAT:ERT_BIL_EUR_M(1.0),03/03/26 11:00:00,Monthly,Average,National currency,US dollar,2008-07,1.5770,,
ESTAT:ERT_BIL_EUR_M(1.0),03/03/26 11:00:00,Monthly,Average,National currency,US dollar,2008-08,1.4975,,
ESTAT:ERT_BIL_EUR_M(1.0),03/03/26 11:00:00,Monthly,Average,National currency,US dollar,2008-09,1.4369,,
ESTAT:ERT_BIL_EUR_M(1.0),03/03/26 11:00:00,Monthly,Average,National currency,US dollar,2008-10,1.3322,,
ESTAT:ERT_BIL_EUR_M(1.0),03/03/26 11:00:00,Monthly,Average,National currency,US dollar,2008-11,1.2732,,
ESTAT:ERT_BIL_EUR_M(1.0),03/03/26 11:00:00,Monthly,Average,National currency,US dollar,2008-12,1.3449,,
ESTAT:ERT_BIL_EUR_M(1.0),03/03/26 11:00:00,Monthly,Average,National currency,US dollar,2009-01,1.3239,,
ESTAT:ERT_BIL_EUR_M(1.0),03/03/26 11:00:00,Monthly,Average,National currency,US dollar,2009-02,1.2785,,
ESTAT:ERT_BIL_EUR_M(1.0),03/03/26 11:00:00,Monthly,Average,National currency,US dollar,2009-03,1.3050,,
ESTAT:ERT_BIL_EUR_M(1.0),03/03/26 11:00:00,Monthly,Average,National currency,US dollar,2009-04,1.3190,,
ESTAT:ERT_BIL_EUR_M(1.0),03/03/26 11:00:00,Monthly,Average,National currency,US dollar,2009-05,1.3650,,
ESTAT:ERT_BIL_EUR_M(1.0),03/03/26 11:00:00,Monthly,Average,National currency,US dollar,2009-06,1.4016,,
ESTAT:ERT_BIL_EUR_M(1.0),03/03/26 11:00:00,Monthly,Average,National currency,US dollar,2009-07,1.4088,,
ESTAT:ERT_BIL_EUR_M(1.0),03/03/26 11:00:00,Monthly,Average,National currency,US dollar,2009-08,1.4268,,
ESTAT:ERT_BIL_EUR_M(1.0),03/03/26 11:00:00,Monthly,Average,National currency,US dollar,2009-09,1.4562,,
ESTAT:ERT_BIL_EUR_M(1.0),03/03/26 11:00:00,Monthly,Average,National currency,US dollar,2009-10,1.4816,,
ESTAT:ERT_BIL_EUR_M(1.0),03/03/26 11:00:00,Monthly,Average,National currency,US dollar,2009-11,1.4914,,
ESTAT:ERT_BIL_EUR_M(1.0),03/03/26 11:00:00,Monthly,Average,National currency,US dollar,2009-12,1.4614,,
ESTAT:ERT_BIL_EUR_M(1.0),03/03/26 11:00:00,Monthly,Average,National currency,US dollar,2010-01,1.4272,,
ESTAT:ERT_BIL_EUR_M(1.0),03/03/26 11:00:00,Monthly,Average,National currency,US dollar,2010-02,1.3686,,
ESTAT:ERT_BIL_EUR_M(1.0),03/03/26 11:00:00,Monthly,Average,National currency,US dollar,2010-03,1.3569,,
ESTAT:ERT_BIL_EUR_M(1.0),03/03/26 11:00:00,Monthly,Average,National currency,US dollar,2010-04,1.3406,,
ESTAT:ERT_BIL_EUR_M(1.0),03/03/26 11:00:00,Monthly,Average,National currency,US dollar,2010-05,1.2565,,
ESTAT:ERT_BIL_EUR_M(1.0),03/03/26 11:00:00,Monthly,Average,National currency,US dollar,2010-06,1.2209,,
ESTAT:ERT_BIL_EUR_M(1.0),03/03/26 11:00:00,Monthly,Average,National currency,US dollar,2010-07,1.2770,,
ESTAT:ERT_BIL_EUR_M(1.0),03/03/26 11:00:00,Monthly,Average,National currency,US dollar,2010-08,1.2894,,
ESTAT:ERT_BIL_EUR_M(1.0),03/03/26 11:00:00,Monthly,Average,National currency,US dollar,2010-09,1.3067,,
ESTAT:ERT_BIL_EUR_M(1.0),03/03/26 11:00:00,Monthly,Average,National currency,US dollar,2010-10,1.3898,,
ESTAT:ERT_BIL_EUR_M(1.0),03/03/26 11:00:00,Monthly,Average,National currency,US dollar,2010-11,1.3661,,
ESTAT:ERT_BIL_EUR_M(1.0),03/03/26 11:00:00,Monthly,Average,National currency,US dollar,2010-12,1.3220,,
ESTAT:ERT_BIL_EUR_M(1.0),03/03/26 11:00:00,Monthly,Average,National currency,US dollar,2011-01,1.3360,,
ESTAT:ERT_BIL_EUR_M(1.0),03/03/26 11:00:00,Monthly,Average,National currency,US dollar,2011-02,1.3649,,
ESTAT:ERT_BIL_EUR_M(1.0),03/03/26 11:00:00,Monthly,Average,National currency,US dollar,2011-03,1.3999,,
ESTAT:ERT_BIL_EUR_M(1.0),03/03/26 11:00:00,Monthly,Average,National currency,US dollar,2011-04,1.4442,,
ESTAT:ERT_BIL_EUR_M(1.0),03/03/26 11:00:00,Monthly,Average,National currency,US dollar,2011-05,1.4349,,
ESTAT:ERT_BIL_EUR_M(1.0),03/03/26 11:00:00,Monthly,Average,National currency,US dollar,2011-06,1.4388,,
ESTAT:ERT_BIL_EUR_M(1.0),03/03/26 11:00:00,Monthly,Average,National currency,US dollar,2011-07,1.4264,,
ESTAT:ERT_BIL_EUR_M(1.0),03/03/26 11:00:00,Monthly,Average,National currency,US dollar,2011-08,1.4343,,
ESTAT:ERT_BIL_EUR_M(1.0),03/03/26 11:00:00,Monthly,Average,National currency,US dollar,2011-09,1.3770,,
ESTAT:ERT_BIL_EUR_M(1.0),03/03/26 11:00:00,Monthly,Average,National currency,US dollar,2011-10,1.3706,,
ESTAT:ERT_BIL_EUR_M(1.0),03/03/26 11:00:00,Monthly,Average,National currency,US dollar,2011-11,1.3556,,
ESTAT:ERT_BIL_EUR_M(1.0),03/03/26 11:00:00,Monthly,Average,National currency,US dollar,2011-12,1.3179,,
ESTAT:ERT_BIL_EUR_M(1.0),03/03/26 11:00:00,Monthly,Average,National currency,US dollar,2012-01,1.2905,,
ESTAT:ERT_BIL_EUR_M(1.0),03/03/26 11:00:00,Monthly,Average,National currency,US dollar,2012-02,1.3224,,
ESTAT:ERT_BIL_EUR_M(1.0),03/03/26 11:00:00,Monthly,Average,National currency,US dollar,2012-03,1.3201,,
ESTAT:ERT_BIL_EUR_M(1.0),03/03/26 11:00:00,Monthly,Average,National currency,US dollar,2012-04,1.3162,,
ESTAT:ERT_BIL_EUR_M(1.0),03/03/26 11:00:00,Monthly,Average,National currency,US dollar,2012-05,1.2789,,
ESTAT:ERT_BIL_EUR_M(1.0),03/03/26 11:00:00,Monthly,Average,National currency,US dollar,2012-06,1.2526,,
ESTAT:ERT_BIL_EUR_M(1.0),03/03/26 11:00:00,Monthly,Average,National currency,US dollar,2012-07,1.2288,,
ESTAT:ERT_BIL_EUR_M(1.0),03/03/26 11:00:00,Monthly,Average,National currency,US dollar,2012-08,1.2400,,
ESTAT:ERT_BIL_EUR_M(1.0),03/03/26 11:00:00,Monthly,Average,National currency,US dollar,2012-09,1.2856,,
ESTAT:ERT_BIL_EUR_M(1.0),03/03/26 11:00:00,Monthly,Average,National currency,US dollar,2012-10,1.2974,,
ESTAT:ERT_BIL_EUR_M(1.0),03/03/26 11:00:00,Monthly,Average,National currency,US dollar,2012-11,1.2828,,
ESTAT:ERT_BIL_EUR_M(1.0),03/03/26 11:00:00,Monthly,Average,National currency,US dollar,2012-12,1.3119,,
ESTAT:ERT_BIL_EUR_M(1.0),03/03/26 11:00:00,Monthly,Average,National currency,US dollar,2013-01,1.3288,,
ESTAT:ERT_BIL_EUR_M(1.0),03/03/26 11:00:00,Monthly,Average,National currency,US dollar,2013-02,1.3359,,
ESTAT:ERT_BIL_EUR_M(1.0),03/03/26 11:00:00,Monthly,Average,National currency,US dollar,2013-03,1.2964,,
ESTAT:ERT_BIL_EUR_M(1.0),03/03/26 11:00:00,Monthly,Average,National currency,US dollar,2013-04,1.3026,,
ESTAT:ERT_BIL_EUR_M(1.0),03/03/26 11:00:00,Monthly,Average,National currency,US dollar,2013-05,1.2982,,
ESTAT:ERT_BIL_EUR_M(1.0),03/03/26 11:00:00,Monthly,Average,National currency,US dollar,2013-06,1.3189,,
ESTAT:ERT_BIL_EUR_M(1.0),03/03/26 11:00:00,Monthly,Average,National currency,US dollar,2013-07,1.3080,,
ESTAT:ERT_BIL_EUR_M(1.0),03/03/26 11:00:00,Monthly,Average,National currency,US dollar,2013-08,1.3310,,
ESTAT:ERT_BIL_EUR_M(1.0),03/03/26 11:00:00,Monthly,Average,National currency,US dollar,2013-09,1.3348,,
ESTAT:ERT_BIL_EUR_M(1.0),03/03/26 11:00:00,Monthly,Average,National currency,US dollar,2013-10,1.3635,,
ESTAT:ERT_BIL_EUR_M(1.0),03/03/26 11:00:00,Monthly,Average,National currency,US dollar,2013-11,1.3493,,
ESTAT:ERT_BIL_EUR_M(1.0),03/03/26 11:00:00,Monthly,Average,National currency,US dollar,2013-12,1.3704,,
ESTAT:ERT_BIL_EUR_M(1.0),03/03/26 11:00:00,Monthly,Average,National currency,US dollar,2014-01,1.3610,,
ESTAT:ERT_BIL_EUR_M(1.0),03/03/26 11:00:00,Monthly,Average,National currency,US dollar,2014-02,1.3658,,
ESTAT:ERT_BIL_EUR_M(1.0),03/03/26 11:00:00,Monthly,Average,National currency,US dollar,2014-03,1.3823,,
ESTAT:ERT_BIL_EUR_M(1.0),03/03/26 11:00:00,Monthly,Average,National currency,US dollar,2014-04,1.3812,,
ESTAT:ERT_BIL_EUR_M(1.0),03/03/26 11:00:00,Monthly,Average,National currency,US dollar,2014-05,1.3732,,
ESTAT:ERT_BIL_EUR_M(1.0),03/03/26 11:00:00,Monthly,Average,National currency,US dollar,2014-06,1.3592,,
ESTAT:ERT_BIL_EUR_M(1.0),03/03/26 11:00:00,Monthly,Average,National currency,US dollar,2014-07,1.3539,,
ESTAT:ERT_BIL_EUR_M(1.0),03/03/26 11:00:00,Monthly,Average,National currency,US dollar,2014-08,1.3316,,
ESTAT:ERT_BIL_EUR_M(1.0),03/03/26 11:00:00,Monthly,Average,National currency,US dollar,2014-09,1.2901,,
ESTAT:ERT_BIL_EUR_M(1.0),03/03/26 11:00:00,Monthly,Average,National currency,US dollar,2014-10,1.2673,,
ESTAT:ERT_BIL_EUR_M(1.0),03/03/26 11:00:00,Monthly,Average,National currency,US dollar,2014-11,1.2472,,
ESTAT:ERT_BIL_EUR_M(1.0),03/03/26 11:00:00,Monthly,Average,National currency,US dollar,2014-12,1.2331,,
ESTAT:ERT_BIL_EUR_M(1.0),03/03/26 11:00:00,Monthly,Average,National currency,US dollar,2015-01,1.1621,,
ESTAT:ERT_BIL_EUR_M(1.0),03/03/26 11:00:00,Monthly,Average,National currency,US dollar,2015-02,1.1350,,
ESTAT:ERT_BIL_EUR_M(1.0),03/03/26 11:00:00,Monthly,Average,National currency,US dollar,2015-03,1.0838,,
ESTAT:ERT_BIL_EUR_M(1.0),03/03/26 11:00:00,Monthly,Average,National currency,US dollar,2015-04,1.0779,,
ESTAT:ERT_BIL_EUR_M(1.0),03/03/26 11:00:00,Monthly,Average,National currency,US dollar,2015-05,1.1150,,
ESTAT:ERT_BIL_EUR_M(1.0),03/03/26 11:00:00,Monthly,Average,National currency,US dollar,2015-06,1.1213,,
ESTAT:ERT_BIL_EUR_M(1.0),03/03/26 11:00:00,Monthly,Average,National currency,US dollar,2015-07,1.0996,,
ESTAT:ERT_BIL_EUR_M(1.0),03/03/26 11:00:00,Monthly,Average,National currency,US dollar,2015-08,1.1139,,
ESTAT:ERT_BIL_EUR_M(1.0),03/03/26 11:00:00,Monthly,Average,National currency,US dollar,2015-09,1.1221,,
ESTAT:ERT_BIL_EUR_M(1.0),03/03/26 11:00:00,Monthly,Average,National currency,US dollar,2015-10,1.1235,,
ESTAT:ERT_BIL_EUR_M(1.0),03/03/26 11:00:00,Monthly,Average,National currency,US dollar,2015-11,1.0736,,
ESTAT:ERT_BIL_EUR_M(1.0),03/03/26 11:00:00,Monthly,Average,National currency,US dollar,2015-12,1.0877,,
ESTAT:ERT_BIL_EUR_M(1.0),03/03/26 11:00:00,Monthly,Average,National currency,US dollar,2016-01,1.0860,,
ESTAT:ERT_BIL_EUR_M(1.0),03/03/26 11:00:00,Monthly,Average,National currency,US dollar,2016-02,1.1093,,
ESTAT:ERT_BIL_EUR_M(1.0),03/03/26 11:00:00,Monthly,Average,National currency,US dollar,2016-03,1.1100,,
ESTAT:ERT_BIL_EUR_M(1.0),03/03/26 11:00:00,Monthly,Average,National currency,US dollar,2016-04,1.1339,,
ESTAT:ERT_BIL_EUR_M(1.0),03/03/26 11:00:00,Monthly,Average,National currency,US dollar,2016-05,1.1311,,
ESTAT:ERT_BIL_EUR_M(1.0),03/03/26 11:00:00,Monthly,Average,National currency,US dollar,2016-06,1.1229,,
ESTAT:ERT_BIL_EUR_M(1.0),03/03/26 11:00:00,Monthly,Average,National currency,US dollar,2016-07,1.1069,,
ESTAT:ERT_BIL_EUR_M(1.0),03/03/26 11:00:00,Monthly,Average,National currency,US dollar,2016-08,1.1212,,
ESTAT:ERT_BIL_EUR_M(1.0),03/03/26 11:00:00,Monthly,Average,National currency,US dollar,2016-09,1.1212,,
ESTAT:ERT_BIL_EUR_M(1.0),03/03/26 11:00:00,Monthly,Average,National currency,US dollar,2016-10,1.1026,,
ESTAT:ERT_BIL_EUR_M(1.0),03/03/26 11:00:00,Monthly,Average,National currency,US dollar,2016-11,1.0799,,
ESTAT:ERT_BIL_EUR_M(1.0),03/03/26 11:00:00,Monthly,Average,National currency,US dollar,2016-12,1.0543,,
ESTAT:ERT_BIL_EUR_M(1.0),03/03/26 11:00:00,Monthly,Average,National currency,US dollar,2017-01,1.0614,,
ESTAT:ERT_BIL_EUR_M(1.0),03/03/26 11:00:00,Monthly,Average,National currency,US dollar,2017-02,1.0643,,
ESTAT:ERT_BIL_EUR_M(1.0),03/03/26 11:00:00,Monthly,Average,National currency,US dollar,2017-03,1.0685,,
ESTAT:ERT_BIL_EUR_M(1.0),03/03/26 11:00:00,Monthly,Average,National currency,US dollar,2017-04,1.0723,,
ESTAT:ERT_BIL_EUR_M(1.0),03/03/26 11:00:00,Monthly,Average,National currency,US dollar,2017-05,1.1058,,
ESTAT:ERT_BIL_EUR_M(1.0),03/03/26 11:00:00,Monthly,Average,National currency,US dollar,2017-06,1.1229,,
ESTAT:ERT_BIL_EUR_M(1.0),03/03/26 11:00:00,Monthly,Average,National currency,US dollar,2017-07,1.1511,,
ESTAT:ERT_BIL_EUR_M(1.0),03/03/26 11:00:00,Monthly,Average,National currency,US dollar,2017-08,1.1807,,
ESTAT:ERT_BIL_EUR_M(1.0),03/03/26 11:00:00,Monthly,Average,National currency,US dollar,2017-09,1.1915,,
ESTAT:ERT_BIL_EUR_M(1.0),03/03/26 11:00:00,Monthly,Average,National currency,US dollar,2017-10,1.1756,,
ESTAT:ERT_BIL_EUR_M(1.0),03/03/26 11:00:00,Monthly,Average,National currency,US dollar,2017-11,1.1738,,
ESTAT:ERT_BIL_EUR_M(1.0),03/03/26 11:00:00,Monthly,Average,National currency,US dollar,2017-12,1.1836,,
ESTAT:ERT_BIL_EUR_M(1.0),03/03/26 11:00:00,Monthly,Average,National currency,US dollar,2018-01,1.2200,,
ESTAT:ERT_BIL_EUR_M(1.0),03/03/26 11:00:00,Monthly,Average,National currency,US dollar,2018-02,1.2348,,
ESTAT:ERT_BIL_EUR_M(1.0),03/03/26 11:00:00,Monthly,Average,National currency,US dollar,2018-03,1.2336,,
ESTAT:ERT_BIL_EUR_M(1.0),03/03/26 11:00:00,Monthly,Average,National currency,US dollar,2018-04,1.2276,,
ESTAT:ERT_BIL_EUR_M(1.0),03/03/26 11:00:00,Monthly,Average,National currency,US dollar,2018-05,1.1812,,
ESTAT:ERT_BIL_EUR_M(1.0),03/03/26 11:00:00,Monthly,Average,National currency,US dollar,2018-06,1.1678,,
ESTAT:ERT_BIL_EUR_M(1.0),03/03/26 11:00:00,Monthly,Average,National currency,US dollar,2018-07,1.1686,,
ESTAT:ERT_BIL_EUR_M(1.0),03/03/26 11:00:00,Monthly,Average,National currency,US dollar,2018-08,1.1549,,
ESTAT:ERT_BIL_EUR_M(1.0),03/03/26 11:00:00,Monthly,Average,National currency,US dollar,2018-09,1.1659,,
ESTAT:ERT_BIL_EUR_M(1.0),03/03/26 11:00:00,Monthly,Average,National currency,US dollar,2018-10,1.1484,,
ESTAT:ERT_BIL_EUR_M(1.0),03/03/26 11:00:00,Monthly,Average,National currency,US dollar,2018-11,1.1367,,
ESTAT:ERT_BIL_EUR_M(1.0),03/03/26 11:00:00,Monthly,Average,National currency,US dollar,2018-12,1.1384,,
ESTAT:ERT_BIL_EUR_M(1.0),03/03/26 11:00:00,Monthly,Average,National currency,US dollar,2019-01,1.1416,,
ESTAT:ERT_BIL_EUR_M(1.0),03/03/26 11:00:00,Monthly,Average,National currency,US dollar,2019-02,1.1351,,
ESTAT:ERT_BIL_EUR_M(1.0),03/03/26 11:00:00,Monthly,Average,National currency,US dollar,2019-03,1.1302,,
ESTAT:ERT_BIL_EUR_M(1.0),03/03/26 11:00:00,Monthly,Average,National currency,US dollar,2019-04,1.1238,,
ESTAT:ERT_BIL_EUR_M(1.0),03/03/26 11:00:00,Monthly,Average,National currency,US dollar,2019-05,1.1185,,
ESTAT:ERT_BIL_EUR_M(1.0),03/03/26 11:00:00,Monthly,Average,National currency,US dollar,2019-06,1.1293,,
ESTAT:ERT_BIL_EUR_M(1.0),03/03/26 11:00:00,Monthly,Average,National currency,US dollar,2019-07,1.1218,,
ESTAT:ERT_BIL_EUR_M(1.0),03/03/26 11:00:00,Monthly,Average,National currency,US dollar,2019-08,1.1126,,
ESTAT:ERT_BIL_EUR_M(1.0),03/03/26 11:00:00,Monthly,Average,National currency,US dollar,2019-09,1.1004,,
ESTAT:ERT_BIL_EUR_M(1.0),03/03/26 11:00:00,Monthly,Average,National currency,US dollar,2019-10,1.1053,,
ESTAT:ERT_BIL_EUR_M(1.0),03/03/26 11:00:00,Monthly,Average,National currency,US dollar,2019-11,1.1051,,
ESTAT:ERT_BIL_EUR_M(1.0),03/03/26 11:00:00,Monthly,Average,National currency,US dollar,2019-12,1.1113,,
ESTAT:ERT_BIL_EUR_M(1.0),03/03/26 11:00:00,Monthly,Average,National currency,US dollar,2020-01,1.1100,,
ESTAT:ERT_BIL_EUR_M(1.0),03/03/26 11:00:00,Monthly,Average,National currency,US dollar,2020-02,1.0905,,
ESTAT:ERT_BIL_EUR_M(1.0),03/03/26 11:00:00,Monthly,Average,National currency,US dollar,2020-03,1.1063,,
ESTAT:ERT_BIL_EUR_M(1.0),03/03/26 11:00:00,Monthly,Average,National currency,US dollar,2020-04,1.0862,,
ESTAT:ERT_BIL_EUR_M(1.0),03/03/26 11:00:00,Monthly,Average,National currency,US dollar,2020-05,1.0902,,
ESTAT:ERT_BIL_EUR_M(1.0),03/03/26 11:00:00,Monthly,Average,National currency,US dollar,2020-06,1.1255,,
ESTAT:ERT_BIL_EUR_M(1.0),03/03/26 11:00:00,Monthly,Average,National currency,US dollar,2020-07,1.1463,,
ESTAT:ERT_BIL_EUR_M(1.0),03/03/26 11:00:00,Monthly,Average,National currency,US dollar,2020-08,1.1828,,
ESTAT:ERT_BIL_EUR_M(1.0),03/03/26 11:00:00,Monthly,Average,National currency,US dollar,2020-09,1.1792,,
ESTAT:ERT_BIL_EUR_M(1.0),03/03/26 11:00:00,Monthly,Average,National currency,US dollar,2020-10,1.1775,,
ESTAT:ERT_BIL_EUR_M(1.0),03/03/26 11:00:00,Monthly,Average,National currency,US dollar,2020-11,1.1838,,
ESTAT:ERT_BIL_EUR_M(1.0),03/03/26 11:00:00,Monthly,Average,National currency,US dollar,2020-12,1.2170,,
ESTAT:ERT_BIL_EUR_M(1.0),03/03/26 11:00:00,Monthly,Average,National currency,US dollar,2021-01,1.2171,,
ESTAT:ERT_BIL_EUR_M(1.0),03/03/26 11:00:00,Monthly,Average,National currency,US dollar,2021-02,1.2098,,
ESTAT:ERT_BIL_EUR_M(1.0),03/03/26 11:00:00,Monthly,Average,National currency,US dollar,2021-03,1.1899,,
ESTAT:ERT_BIL_EUR_M(1.0),03/03/26 11:00:00,Monthly,Average,National currency,US dollar,2021-04,1.1979,,
ESTAT:ERT_BIL_EUR_M(1.0),03/03/26 11:00:00,Monthly,Average,National currency,US dollar,2021-05,1.2146,,
ESTAT:ERT_BIL_EUR_M(1.0),03/03/26 11:00:00,Monthly,Average,National currency,US dollar,2021-06,1.2047,,
ESTAT:ERT_BIL_EUR_M(1.0),03/03/26 11:00:00,Monthly,Average,National currency,US dollar,2021-07,1.1822,,
ESTAT:ERT_BIL_EUR_M(1.0),03/03/26 11:00:00,Monthly,Average,National currency,US dollar,2021-08,1.1772,,
ESTAT:ERT_BIL_EUR_M(1.0),03/03/26 11:00:00,Monthly,Average,National currency,US dollar,2021-09,1.1770,,
ESTAT:ERT_BIL_EUR_M(1.0),03/03/26 11:00:00,Monthly,Average,National currency,US dollar,2021-10,1.1601,,
ESTAT:ERT_BIL_EUR_M(1.0),03/03/26 11:00:00,Monthly,Average,National currency,US dollar,2021-11,1.1414,,
ESTAT:ERT_BIL_EUR_M(1.0),03/03/26 11:00:00,Monthly,Average,National currency,US dollar,2021-12,1.1304,,
ESTAT:ERT_BIL_EUR_M(1.0),03/03/26 11:00:00,Monthly,Average,National currency,US dollar,2022-01,1.1314,,
ESTAT:ERT_BIL_EUR_M(1.0),03/03/26 11:00:00,Monthly,Average,National currency,US dollar,2022-02,1.1342,,
ESTAT:ERT_BIL_EUR_M(1.0),03/03/26 11:00:00,Monthly,Average,National currency,US dollar,2022-03,1.1019,,
ESTAT:ERT_BIL_EUR_M(1.0),03/03/26 11:00:00,Monthly,Average,National currency,US dollar,2022-04,1.0819,,
ESTAT:ERT_BIL_EUR_M(1.0),03/03/26 11:00:00,Monthly,Average,National currency,US dollar,2022-05,1.0579,,
ESTAT:ERT_BIL_EUR_M(1.0),03/03/26 11:00:00,Monthly,Average,National currency,US dollar,2022-06,1.0566,,
ESTAT:ERT_BIL_EUR_M(1.0),03/03/26 11:00:00,Monthly,Average,National currency,US dollar,2022-07,1.0179,,
ESTAT:ERT_BIL_EUR_M(1.0),03/03/26 11:00:00,Monthly,Average,National currency,US dollar,2022-08,1.0128,,
ESTAT:ERT_BIL_EUR_M(1.0),03/03/26 11:00:00,Monthly,Average,National currency,US dollar,2022-09,0.9904,,
ESTAT:ERT_BIL_EUR_M(1.0),03/03/26 11:00:00,Monthly,Average,National currency,US dollar,2022-10,0.9826,,
ESTAT:ERT_BIL_EUR_M(1.0),03/03/26 11:00:00,Monthly,Average,National currency,US dollar,2022-11,1.0201,,
ESTAT:ERT_BIL_EUR_M(1.0),03/03/26 11:00:00,Monthly,Average,National currency,US dollar,2022-12,1.0589,,
ESTAT:ERT_BIL_EUR_M(1.0),03/03/26 11:00:00,Monthly,Average,National currency,US dollar,2023-01,1.0769,,
ESTAT:ERT_BIL_EUR_M(1.0),03/03/26 11:00:00,Monthly,Average,National currency,US dollar,2023-02,1.0715,,
ESTAT:ERT_BIL_EUR_M(1.0),03/03/26 11:00:00,Monthly,Average,National currency,US dollar,2023-03,1.0706,,
ESTAT:ERT_BIL_EUR_M(1.0),03/03/26 11:00:00,Monthly,Average,National currency,US dollar,2023-04,1.0968,,
ESTAT:ERT_BIL_EUR_M(1.0),03/03/26 11:00:00,Monthly,Average,National currency,US dollar,2023-05,1.0868,,
ESTAT:ERT_BIL_EUR_M(1.0),03/03/26 11:00:00,Monthly,Average,National currency,US dollar,2023-06,1.0840,,
ESTAT:ERT_BIL_EUR_M(1.0),03/03/26 11:00:00,Monthly,Average,National currency,US dollar,2023-07,1.1058,,
ESTAT:ERT_BIL_EUR_M(1.0),03/03/26 11:00:00,Monthly,Average,National currency,US dollar,2023-08,1.0909,,
ESTAT:ERT_BIL_EUR_M(1.0),03/03/26 11:00:00,Monthly,Average,National currency,US dollar,2023-09,1.0684,,
ESTAT:ERT_BIL_EUR_M(1.0),03/03/26 11:00:00,Monthly,Average,National currency,US dollar,2023-10,1.0563,,
ESTAT:ERT_BIL_EUR_M(1.0),03/03/26 11:00:00,Monthly,Average,National currency,US dollar,2023-11,1.0808,,
ESTAT:ERT_BIL_EUR_M(1.0),03/03/26 11:00:00,Monthly,Average,National currency,US dollar,2023-12,1.0903,,
ESTAT:ERT_BIL_EUR_M(1.0),03/03/26 11:00:00,Monthly,Average,National currency,US dollar,2024-01,1.0905,,
ESTAT:ERT_BIL_EUR_M(1.0),03/03/26 11:00:00,Monthly,Average,National currency,US dollar,2024-02,1.0795,,
ESTAT:ERT_BIL_EUR_M(1.0),03/03/26 11:00:00,Monthly,Average,National currency,US dollar,2024-03,1.0872,,
ESTAT:ERT_BIL_EUR_M(1.0),03/03/26 11:00:00,Monthly,Average,National currency,US dollar,2024-04,1.0728,,
ESTAT:ERT_BIL_EUR_M(1.0),03/03/26 11:00:00,Monthly,Average,National currency,US dollar,2024-05,1.0812,,
ESTAT:ERT_BIL_EUR_M(1.0),03/03/26 11:00:00,Monthly,Average,National currency,US dollar,2024-06,1.0759,,
ESTAT:ERT_BIL_EUR_M(1.0),03/03/26 11:00:00,Monthly,Average,National currency,US dollar,2024-07,1.0844,,
ESTAT:ERT_BIL_EUR_M(1.0),03/03/26 11:00:00,Monthly,Average,National currency,US dollar,2024-08,1.1012,,
ESTAT:ERT_BIL_EUR_M(1.0),03/03/26 11:00:00,Monthly,Average,National currency,US dollar,2024-09,1.1106,,
ESTAT:ERT_BIL_EUR_M(1.0),03/03/26 11:00:00,Monthly,Average,National currency,US dollar,2024-10,1.0904,,
ESTAT:ERT_BIL_EUR_M(1.0),03/03/26 11:00:00,Monthly,Average,National currency,US dollar,2024-11,1.0630,,
ESTAT:ERT_BIL_EUR_M(1.0),03/03/26 11:00:00,Monthly,Average,National currency,US dollar,2024-12,1.0479,,
ESTAT:ERT_BIL_EUR_M(1.0),03/03/26 11:00:00,Monthly,Average,National currency,US dollar,2025-01,1.0354,,
ESTAT:ERT_BIL_EUR_M(1.0),03/03/26 11:00:00,Monthly,Average,National currency,US dollar,2025-02,1.0413,,
ESTAT:ERT_BIL_EUR_M(1.0),03/03/26 11:00:00,Monthly,Average,National currency,US dollar,2025-03,1.0807,,
ESTAT:ERT_BIL_EUR_M(1.0),03/03/26 11:00:00,Monthly,Average,National currency,US dollar,2025-04,1.1214,,
ESTAT:ERT_BIL_EUR_M(1.0),03/03/26 11:00:00,Monthly,Average,National currency,US dollar,2025-05,1.1278,,
ESTAT:ERT_BIL_EUR_M(1.0),03/03/26 11:00:00,Monthly,Average,National currency,US dollar,2025-06,1.1516,,
ESTAT:ERT_BIL_EUR_M(1.0),03/03/26 11:00:00,Monthly,Average,National currency,US dollar,2025-07,1.1677,,
ESTAT:ERT_BIL_EUR_M(1.0),03/03/26 11:00:00,Monthly,Average,National currency,US dollar,2025-08,1.1631,,
ESTAT:ERT_BIL_EUR_M(1.0),03/03/26 11:00:00,Monthly,Average,National currency,US dollar,2025-09,1.1732,,
ESTAT:ERT_BIL_EUR_M(1.0),03/03/26 11:00:00,Monthly,Average,National currency,US dollar,2025-10,1.1630,,
ESTAT:ERT_BIL_EUR_M(1.0),03/03/26 11:00:00,Monthly,Average,National currency,US dollar,2025-11,1.1560,,
ESTAT:ERT_BIL_EUR_M(1.0),03/03/26 11:00:00,Monthly,Average,National currency,US dollar,2025-12,1.1709,,
ESTAT:ERT_BIL_EUR_M(1.0),03/03/26 11:00:00,Monthly,Average,National currency,US dollar,2026-01,1.1738,,
ESTAT:ERT_BIL_EUR_M(1.0),03/03/26 11:00:00,Monthly,Average,National currency,US dollar,2026-02,1.1824,,
